{
  "project_info": {
    "project_number": "73526134706",
    "project_id": "mang-ayo",
    "storage_bucket": "mang-ayo.appspot.com"
  },
  "client": [
    {
      "client_info": {
        "mobilesdk_app_id": "1:73526134706:android:b13a29f3fdcd89ae5a86ab",
        "android_client_info": {
          "package_name": "com.example.mangayo"
        }
      },
      "oauth_client": [
        {
          "client_id": "73526134706-f462rjd685ae7n7r1e0f6090bre2o6c4.apps.googleusercontent.com",
          "client_type": 3
        }
      ],
      "api_key": [
        {
          "current_key": "AIzaSyBGmrOR-5eiYBw7gouGoy2_J6VhNMI01u8"
        }
      ],
      "services": {
        "appinvite_service": {
          "other_platform_oauth_client": [
            {
              "client_id": "73526134706-f462rjd685ae7n7r1e0f6090bre2o6c4.apps.googleusercontent.com",
              "client_type": 3
            }
          ]
        }
      }
    }
  ],
  "configuration_version": "1"
}